date,userid,user_limit,enable_user,login_num,usage,tasks
2023-04-01,1,10,1.0,0,0.1,1.0
2023-04-02,1,10,2.0,1,0.2,3.0
2023-04-03,1,10,2.0,0,0.4,4.0
2023-04-04,1,10,2.0,0,0.5,6.0
2023-04-05,1,10,2.0,1,0.6,7.0
2023-04-06,1,10,2.0,0,0.8,9.0
2023-04-07,1,10,2.0,0,0.9,10.0
2023-04-08,1,10,2.0,0,1.0,12.0
2023-04-09,1,10,2.0,1,1.2,13.0
2023-04-10,1,10,2.0,1,1.3,15.0
2023-04-11,1,10,2.0,0,1.4,16.0
2023-04-12,1,10,2.0,0,1.6,18.0
2023-04-13,1,10,2.0,1,1.7,19.0
2023-04-14,1,10,2.0,0,1.9,21.0
2023-04-15,1,10,2.0,1,2.0,22.0
2023-04-16,1,10,2.0,1,2.1,24.0
2023-04-17,1,10,2.0,1,2.3,25.0
2023-04-18,1,10,2.0,1,2.4,27.0
2023-04-19,1,10,2.0,1,2.5,28.0
2023-04-20,1,10,2.0,1,2.7,30.0
2023-04-21,1,10,2.0,0,2.8,31.0
2023-04-22,1,10,2.0,1,2.9,33.0
2023-04-23,1,10,2.0,0,3.1,34.0
2023-04-24,1,10,2.0,0,3.2,36.0
2023-04-25,1,10,2.0,1,3.3,37.0
2023-04-26,1,10,2.0,0,3.5,39.0
2023-04-27,1,10,2.0,0,3.6,40.0
2023-04-28,1,10,2.0,0,3.7,42.0
2023-04-29,1,10,2.0,0,3.9,43.0
2023-04-30,1,10,2.0,0,4.0,45.0
2023-05-01,1,10,2.0,1,4.1,46.0
2023-05-01,2,10,1.0,0,0.1,1.0
2023-05-02,1,10,2.0,1,4.3,48.0
2023-05-02,2,10,2.0,1,0.1,2.0
2023-05-03,1,10,2.0,0,4.4,49.0
2023-05-03,2,10,2.0,0,0.2,3.0
2023-05-04,1,10,2.0,1,4.5,51.0
2023-05-04,2,10,2.0,0,0.2,4.0
2023-05-05,1,10,2.0,1,4.7,52.0
2023-05-05,2,10,2.0,0,0.2,5.0
2023-05-06,1,10,2.0,0,4.8,54.0
2023-05-06,2,10,2.0,1,0.2,6.0
2023-05-07,1,10,2.0,0,5.0,55.0
2023-05-07,2,10,2.0,0,0.3,6.0
2023-05-08,1,10,2.0,1,5.1,57.0
2023-05-08,2,10,2.0,0,0.3,7.0
2023-05-09,1,10,2.0,0,5.2,58.0
2023-05-09,2,10,2.0,1,0.3,8.0
2023-05-10,1,10,2.0,1,5.4,60.0
2023-05-10,2,10,2.0,0,0.4,9.0
2023-05-11,1,10,2.0,1,5.5,61.0
2023-05-11,2,10,2.0,0,0.4,10.0
2023-05-12,1,10,2.0,0,5.6,63.0
2023-05-12,2,10,2.0,1,0.4,11.0
2023-05-13,1,10,2.0,1,5.8,64.0
2023-05-13,2,10,2.0,1,0.5,11.0
2023-05-14,1,10,2.0,1,5.9,66.0
2023-05-14,2,10,2.0,1,0.5,12.0
2023-05-15,1,10,2.0,1,6.0,67.0
2023-05-15,2,10,2.0,1,0.5,13.0
2023-05-16,1,10,2.0,0,6.2,69.0
2023-05-16,2,10,2.0,0,0.5,14.0
2023-05-17,1,10,2.0,1,6.3,70.0
2023-05-17,2,10,2.0,1,0.6,15.0
2023-05-18,1,10,2.0,0,6.4,72.0
2023-05-18,2,10,2.0,0,0.6,15.0
2023-05-19,1,10,2.0,0,6.6,73.0
2023-05-19,2,10,2.0,0,0.6,16.0
2023-05-20,1,10,2.0,0,6.7,75.0
2023-05-20,2,10,2.0,0,0.7,17.0
2023-05-21,1,10,2.0,0,6.8,76.0
2023-05-21,2,10,2.0,0,0.7,18.0
2023-05-22,1,10,2.0,0,7.0,78.0
2023-05-22,2,10,2.0,1,0.7,19.0
2023-05-23,1,10,2.0,0,7.1,79.0
2023-05-23,2,10,2.0,0,0.7,20.0
2023-05-24,1,10,2.0,1,7.2,81.0
2023-05-24,2,10,2.0,1,0.8,20.0
2023-05-25,1,10,2.0,1,7.4,82.0
2023-05-25,2,10,2.0,1,0.8,21.0
2023-05-26,1,10,2.0,1,7.5,84.0
2023-05-26,2,10,2.0,0,0.8,22.0
2023-05-27,1,10,3.0,0,7.7,85.0
2023-05-27,2,10,2.0,1,0.9,23.0
2023-05-28,1,10,3.0,1,7.8,87.0
2023-05-28,2,10,2.0,1,0.9,24.0
2023-05-29,1,10,3.0,0,7.9,88.0
2023-05-29,2,10,2.0,0,0.9,25.0
2023-05-30,1,10,3.0,1,8.1,90.0
2023-05-30,2,10,2.0,1,1.0,25.0
2023-05-31,1,10,3.0,2,8.2,91.0
2023-05-31,2,10,2.0,1,1.0,26.0
2023-06-01,1,10,3.0,0,8.3,93.0
2023-06-01,2,10,2.0,0,1.0,27.0
2023-06-01,3,15,1.0,0,0.1,1.0
2023-06-02,1,10,3.0,1,8.5,94.0
2023-06-02,2,10,2.0,1,1.0,28.0
2023-06-02,3,15,2.0,0,0.2,4.0
2023-06-03,1,10,3.0,1,8.6,96.0
2023-06-03,2,10,2.0,0,1.1,29.0
2023-06-03,3,15,2.0,0,0.2,7.0
2023-06-04,1,10,3.0,1,8.7,97.0
2023-06-04,2,10,3.0,0,1.1,29.0
2023-06-04,3,15,2.0,1,0.3,9.0
2023-06-05,1,10,3.0,2,8.9,99.0
2023-06-05,2,10,3.0,2,1.1,30.0
2023-06-05,3,15,2.0,1,0.4,12.0
2023-06-06,1,10,3.0,0,9.0,100.0
2023-06-06,2,10,3.0,1,1.2,31.0
2023-06-06,3,15,2.0,1,0.4,14.0
2023-06-07,1,10,3.0,2,9.1,102.0
2023-06-07,2,10,3.0,2,1.2,32.0
2023-06-07,3,15,2.0,1,0.5,17.0
2023-06-08,1,10,3.0,0,9.3,103.0
2023-06-08,2,10,3.0,2,1.2,33.0
2023-06-08,3,15,2.0,0,0.6,19.0
2023-06-09,1,10,3.0,0,9.4,105.0
2023-06-09,2,10,3.0,1,1.2,34.0
2023-06-09,3,15,2.0,1,0.6,22.0
2023-06-10,1,10,3.0,1,9.5,106.0
2023-06-10,2,10,3.0,1,1.3,34.0
2023-06-10,3,15,2.0,0,0.7,25.0
2023-06-11,1,10,3.0,2,9.7,108.0
2023-06-11,2,10,3.0,1,1.3,35.0
2023-06-11,3,15,2.0,0,0.8,27.0
2023-06-12,1,10,3.0,2,9.8,109.0
2023-06-12,2,10,3.0,0,1.3,36.0
2023-06-12,3,15,2.0,0,0.8,30.0
2023-06-13,1,10,3.0,2,9.9,111.0
2023-06-13,2,10,3.0,1,1.4,37.0
2023-06-13,3,15,2.0,0,0.9,32.0
2023-06-14,1,10,3.0,0,10.1,112.0
2023-06-14,2,10,3.0,0,1.4,38.0
2023-06-14,3,15,2.0,0,1.0,35.0
2023-06-15,1,10,3.0,1,10.2,114.0
2023-06-15,2,10,3.0,1,1.4,38.0
2023-06-15,3,15,2.0,0,1.0,37.0
2023-06-16,1,10,3.0,2,10.3,115.0
2023-06-16,2,10,3.0,2,1.5,39.0
2023-06-16,3,15,2.0,0,1.1,40.0
2023-06-17,1,10,3.0,2,10.5,117.0
2023-06-17,2,10,3.0,2,1.5,40.0
2023-06-17,3,15,2.0,1,1.2,43.0
2023-06-18,1,10,3.0,0,10.6,118.0
2023-06-18,2,10,3.0,0,1.5,41.0
2023-06-18,3,15,2.0,1,1.2,45.0
2023-06-19,1,10,3.0,1,10.8,120.0
2023-06-19,2,10,3.0,0,1.5,42.0
2023-06-19,3,15,2.0,1,1.3,48.0
2023-06-20,1,10,3.0,0,10.9,121.0
2023-06-20,2,10,3.0,1,1.6,43.0
2023-06-20,3,15,2.0,0,1.4,50.0
2023-06-21,1,10,3.0,1,11.0,123.0
2023-06-21,2,10,3.0,2,1.6,43.0
2023-06-21,3,15,2.0,1,1.4,53.0
2023-06-22,1,10,3.0,2,11.2,124.0
2023-06-22,2,10,3.0,2,1.6,44.0
2023-06-22,3,15,2.0,1,1.5,55.0
2023-06-23,1,10,3.0,2,11.3,126.0
2023-06-23,2,10,3.0,2,1.7,45.0
2023-06-23,3,15,2.0,0,1.5,58.0
2023-06-24,1,10,3.0,1,11.4,127.0
2023-06-24,2,10,3.0,1,1.7,46.0
2023-06-24,3,15,2.0,1,1.6,61.0
2023-06-25,1,10,3.0,0,11.6,129.0
2023-06-25,2,10,3.0,2,1.7,47.0
2023-06-25,3,15,2.0,0,1.7,63.0
2023-06-26,1,10,3.0,0,11.7,130.0
2023-06-26,2,10,3.0,0,1.7,48.0
2023-06-26,3,15,3.0,1,1.7,66.0
2023-06-27,1,10,3.0,2,11.8,132.0
2023-06-27,2,10,3.0,2,1.8,48.0
2023-06-27,3,15,3.0,2,1.8,68.0
2023-06-28,1,10,3.0,2,12.0,133.0
2023-06-28,2,10,3.0,1,1.8,49.0
2023-06-28,3,15,3.0,0,1.9,71.0
2023-06-29,1,10,3.0,0,12.1,135.0
2023-06-29,2,10,3.0,1,1.8,50.0
2023-06-29,3,15,3.0,0,1.9,73.0
2023-06-30,1,10,3.0,0,12.2,136.0
2023-06-30,2,10,3.0,0,1.9,51.0
2023-06-30,3,15,3.0,0,2.0,76.0
2023-07-01,1,10,3.0,0,12.4,138.0
2023-07-01,2,10,3.0,2,1.9,52.0
2023-07-01,3,15,3.0,2,2.1,79.0
2023-07-01,4,20,1.0,0,0.1,1.0
2023-07-02,1,10,3.0,1,12.5,139.0
2023-07-02,2,10,3.0,1,1.9,52.0
2023-07-02,3,15,3.0,2,2.1,81.0
2023-07-02,4,20,2.0,1,0.3,7.0
2023-07-03,1,10,3.0,1,12.6,141.0
2023-07-03,2,10,3.0,2,2.0,53.0
2023-07-03,3,15,3.0,0,2.2,84.0
2023-07-03,4,20,2.0,1,0.5,12.0
2023-07-04,1,10,3.0,0,12.8,142.0
2023-07-04,2,10,3.0,2,2.0,54.0
2023-07-04,3,15,3.0,1,2.3,86.0
2023-07-04,4,20,2.0,0,0.7,18.0
2023-07-05,1,10,3.0,1,12.9,144.0
2023-07-05,2,10,3.0,0,2.0,55.0
2023-07-05,3,15,3.0,0,2.3,89.0
2023-07-05,4,20,2.0,1,0.8,23.0
2023-07-06,1,10,3.0,1,13.0,145.0
2023-07-06,2,10,3.0,1,2.0,56.0
2023-07-06,3,15,3.0,1,2.4,91.0
2023-07-06,4,20,2.0,1,1.0,28.0
2023-07-07,1,10,3.0,0,13.2,147.0
2023-07-07,2,10,3.0,1,2.1,57.0
2023-07-07,3,15,3.0,2,2.5,94.0
2023-07-07,4,20,2.0,1,1.2,34.0
2023-07-08,1,10,3.0,2,13.3,148.0
2023-07-08,2,10,4.0,2,2.1,57.0
2023-07-08,3,15,3.0,2,2.5,97.0
2023-07-08,4,20,2.0,0,1.4,39.0
2023-07-09,1,10,3.0,1,13.4,150.0
2023-07-09,2,10,4.0,1,2.1,58.0
2023-07-09,3,15,3.0,0,2.6,99.0
2023-07-09,4,20,2.0,1,1.6,44.0
2023-07-10,1,10,3.0,0,13.6,151.0
2023-07-10,2,10,4.0,3,2.2,59.0
2023-07-10,3,15,3.0,0,2.7,102.0
2023-07-10,4,20,2.0,0,1.8,50.0
2023-07-11,1,10,3.0,2,13.7,153.0
2023-07-11,2,10,4.0,0,2.2,60.0
2023-07-11,3,15,3.0,0,2.7,104.0
2023-07-11,4,20,2.0,1,2.0,55.0
2023-07-12,1,10,3.0,0,13.9,154.0
2023-07-12,2,10,4.0,1,2.2,61.0
2023-07-12,3,15,3.0,1,2.8,107.0
2023-07-12,4,20,2.0,0,2.1,61.0
2023-07-13,1,10,3.0,0,14.0,156.0
2023-07-13,2,10,4.0,0,2.2,61.0
2023-07-13,3,15,3.0,0,2.9,109.0
2023-07-13,4,20,2.0,0,2.3,66.0
2023-07-14,1,10,3.0,0,14.1,157.0
2023-07-14,2,10,4.0,0,2.3,62.0
2023-07-14,3,15,3.0,0,2.9,112.0
2023-07-14,4,20,3.0,1,2.5,71.0
2023-07-15,1,10,3.0,0,14.3,159.0
2023-07-15,2,10,4.0,1,2.3,63.0
2023-07-15,3,15,3.0,1,3.0,115.0
2023-07-15,4,20,3.0,0,2.7,77.0
2023-07-16,1,10,3.0,0,14.4,160.0
2023-07-16,2,10,4.0,2,2.3,64.0
2023-07-16,3,15,3.0,0,3.1,117.0
2023-07-16,4,20,3.0,1,2.9,82.0
2023-07-17,1,10,3.0,2,14.5,162.0
2023-07-17,2,10,4.0,2,2.4,65.0
2023-07-17,3,15,3.0,1,3.1,120.0
2023-07-17,4,20,3.0,2,3.1,87.0
2023-07-18,1,10,3.0,1,14.7,163.0
2023-07-18,2,10,4.0,1,2.4,66.0
2023-07-18,3,15,3.0,2,3.2,122.0
2023-07-18,4,20,3.0,2,3.3,93.0
2023-07-19,1,10,3.0,0,14.8,165.0
2023-07-19,2,10,4.0,2,2.4,66.0
2023-07-19,3,15,3.0,1,3.3,125.0
2023-07-19,4,20,3.0,2,3.4,98.0
2023-07-20,1,10,3.0,0,14.9,166.0
2023-07-20,2,10,4.0,1,2.4,67.0
2023-07-20,3,15,3.0,1,3.3,127.0
2023-07-20,4,20,3.0,0,3.6,103.0
2023-07-21,1,10,3.0,1,15.1,168.0
2023-07-21,2,10,4.0,2,2.5,68.0
2023-07-21,3,15,4.0,0,3.4,130.0
2023-07-21,4,20,3.0,0,3.8,109.0
2023-07-22,1,10,4.0,1,15.2,169.0
2023-07-22,2,10,4.0,1,2.5,69.0
2023-07-22,3,15,4.0,2,3.5,133.0
2023-07-22,4,20,3.0,0,4.0,114.0
2023-07-23,1,10,4.0,2,15.3,171.0
2023-07-23,2,10,4.0,0,2.5,70.0
2023-07-23,3,15,4.0,1,3.5,135.0
2023-07-23,4,20,3.0,1,4.2,120.0
2023-07-24,1,10,4.0,2,15.5,172.0
2023-07-24,2,10,4.0,2,2.6,71.0
2023-07-24,3,15,4.0,3,3.6,138.0
2023-07-24,4,20,3.0,2,4.4,125.0
2023-07-25,1,10,4.0,3,15.6,174.0
2023-07-25,2,10,4.0,2,2.6,71.0
2023-07-25,3,15,4.0,2,3.7,140.0
2023-07-25,4,20,3.0,2,4.6,130.0
2023-07-26,1,10,4.0,2,15.7,175.0
2023-07-26,2,10,4.0,2,2.6,72.0
2023-07-26,3,15,4.0,0,3.7,143.0
2023-07-26,4,20,3.0,2,4.7,136.0
2023-07-27,1,10,4.0,0,15.9,177.0
2023-07-27,2,10,4.0,3,2.7,73.0
2023-07-27,3,15,4.0,0,3.8,145.0
2023-07-27,4,20,4.0,0,4.9,141.0
2023-07-28,1,10,4.0,1,16.0,178.0
2023-07-28,2,10,4.0,3,2.7,74.0
2023-07-28,3,15,4.0,3,3.9,148.0
2023-07-28,4,20,4.0,3,5.1,146.0
2023-07-29,1,10,4.0,1,16.1,180.0
2023-07-29,2,10,4.0,0,2.7,75.0
2023-07-29,3,15,4.0,2,3.9,151.0
2023-07-29,4,20,4.0,1,5.3,152.0
2023-07-30,1,10,4.0,0,16.3,181.0
2023-07-30,2,10,4.0,2,2.7,75.0
2023-07-30,3,15,4.0,3,4.0,153.0
2023-07-30,4,20,4.0,1,5.5,157.0
2023-07-31,1,10,4.0,0,16.4,183.0
2023-07-31,2,10,4.0,3,2.8,76.0
2023-07-31,3,15,4.0,0,4.0,156.0
2023-07-31,4,20,4.0,0,5.7,163.0
2023-08-01,1,10,4.0,3,16.5,184.0
2023-08-01,2,10,4.0,3,2.8,77.0
2023-08-01,3,15,4.0,1,4.1,158.0
2023-08-01,4,20,4.0,1,5.9,168.0
2023-08-01,5,10,1.0,0,0.1,1.0
2023-08-02,1,10,4.0,0,16.7,186.0
2023-08-02,2,10,4.0,2,2.8,78.0
2023-08-02,3,15,4.0,3,4.2,161.0
2023-08-02,4,20,4.0,1,6.0,173.0
2023-08-02,5,10,2.0,1,0.2,4.0
2023-08-03,1,10,4.0,0,16.8,187.0
2023-08-03,2,10,4.0,0,2.9,79.0
2023-08-03,3,15,4.0,3,4.2,163.0
2023-08-03,4,20,4.0,3,6.2,179.0
2023-08-03,5,10,2.0,1,0.4,7.0
2023-08-04,1,10,4.0,3,17.0,189.0
2023-08-04,2,10,4.0,1,2.9,80.0
2023-08-04,3,15,4.0,0,4.3,166.0
2023-08-04,4,20,4.0,1,6.4,184.0
2023-08-04,5,10,2.0,1,0.5,9.0
2023-08-05,1,10,4.0,2,17.1,190.0
2023-08-05,2,10,4.0,1,2.9,80.0
2023-08-05,3,15,4.0,3,4.4,169.0
2023-08-05,4,20,4.0,1,6.6,189.0
2023-08-05,5,10,2.0,0,0.6,12.0
2023-08-06,1,10,4.0,2,17.2,192.0
2023-08-06,2,10,4.0,0,2.9,81.0
2023-08-06,3,15,4.0,0,4.4,171.0
2023-08-06,4,20,4.0,0,6.8,195.0
2023-08-06,5,10,2.0,1,0.7,15.0
2023-08-07,1,10,4.0,0,17.4,193.0
2023-08-07,2,10,4.0,3,3.0,82.0
2023-08-07,3,15,4.0,1,4.5,174.0
2023-08-07,4,20,4.0,3,7.0,200.0
2023-08-07,5,10,2.0,1,0.9,17.0
2023-08-08,1,10,4.0,1,17.5,195.0
2023-08-08,2,10,4.0,2,3.0,83.0
2023-08-08,3,15,4.0,3,4.6,176.0
2023-08-08,4,20,4.0,1,7.2,205.0
2023-08-08,5,10,2.0,1,1.0,20.0
2023-08-09,1,10,4.0,1,17.6,196.0
2023-08-09,2,10,4.0,1,3.0,84.0
2023-08-09,3,15,4.0,1,4.6,179.0
2023-08-09,4,20,5.0,3,7.3,211.0
2023-08-09,5,10,2.0,0,1.1,22.0
2023-08-10,1,10,4.0,2,17.8,198.0
2023-08-10,2,10,4.0,2,3.1,84.0
2023-08-10,3,15,4.0,0,4.7,181.0
2023-08-10,4,20,5.0,3,7.5,216.0
2023-08-10,5,10,2.0,0,1.2,25.0
2023-08-11,1,10,4.0,1,17.9,199.0
2023-08-11,2,10,5.0,3,3.1,85.0
2023-08-11,3,15,4.0,2,4.8,184.0
2023-08-11,4,20,5.0,4,7.7,222.0
2023-08-11,5,10,2.0,0,1.4,28.0
2023-08-12,1,10,4.0,3,18.0,201.0
2023-08-12,2,10,5.0,0,3.1,86.0
2023-08-12,3,15,4.0,3,4.8,187.0
2023-08-12,4,20,5.0,2,7.9,227.0
2023-08-12,5,10,2.0,1,1.5,30.0
2023-08-13,1,10,4.0,3,18.2,202.0
2023-08-13,2,10,5.0,3,3.2,87.0
2023-08-13,3,15,4.0,3,4.9,189.0
2023-08-13,4,20,5.0,2,8.1,232.0
2023-08-13,5,10,2.0,1,1.6,33.0
2023-08-14,1,10,4.0,1,18.3,204.0
2023-08-14,2,10,5.0,3,3.2,88.0
2023-08-14,3,15,4.0,0,5.0,192.0
2023-08-14,4,20,5.0,1,8.3,238.0
2023-08-14,5,10,2.0,0,1.8,35.0
2023-08-15,1,10,4.0,0,18.4,205.0
2023-08-15,2,10,5.0,2,3.2,89.0
2023-08-15,3,15,5.0,1,5.0,194.0
2023-08-15,4,20,5.0,4,8.4,243.0
2023-08-15,5,10,2.0,1,1.9,38.0
2023-08-16,1,10,4.0,0,18.6,207.0
2023-08-16,2,10,5.0,0,3.2,89.0
2023-08-16,3,15,5.0,3,5.1,197.0
2023-08-16,4,20,5.0,0,8.6,248.0
2023-08-16,5,10,2.0,1,2.0,41.0
2023-08-17,1,10,4.0,1,18.7,208.0
2023-08-17,2,10,5.0,4,3.3,90.0
2023-08-17,3,15,5.0,3,5.2,199.0
2023-08-17,4,20,5.0,2,8.8,254.0
2023-08-17,5,10,2.0,0,2.1,43.0
2023-08-18,1,10,4.0,1,18.8,210.0
2023-08-18,2,10,5.0,3,3.3,91.0
2023-08-18,3,15,5.0,0,5.2,202.0
2023-08-18,4,20,5.0,2,9.0,259.0
2023-08-18,5,10,2.0,1,2.3,46.0
2023-08-19,1,10,4.0,1,19.0,211.0
2023-08-19,2,10,5.0,1,3.3,92.0
2023-08-19,3,15,5.0,0,5.3,205.0
2023-08-19,4,20,5.0,0,9.2,265.0
2023-08-19,5,10,2.0,0,2.4,48.0
2023-08-20,1,10,4.0,1,19.1,213.0
2023-08-20,2,10,5.0,1,3.4,93.0
2023-08-20,3,15,5.0,0,5.4,207.0
2023-08-20,4,20,5.0,4,9.4,270.0
2023-08-20,5,10,2.0,0,2.5,51.0
2023-08-21,1,10,4.0,1,19.2,214.0
2023-08-21,2,10,5.0,1,3.4,94.0
2023-08-21,3,15,5.0,0,5.4,210.0
2023-08-21,4,20,6.0,2,9.6,275.0
2023-08-21,5,10,2.0,1,2.6,54.0
2023-08-22,1,10,4.0,3,19.4,216.0
2023-08-22,2,10,5.0,2,3.4,94.0
2023-08-22,3,15,5.0,0,5.5,212.0
2023-08-22,4,20,6.0,4,9.7,281.0
2023-08-22,5,10,2.0,0,2.8,56.0
2023-08-23,1,10,4.0,3,19.5,217.0
2023-08-23,2,10,5.0,1,3.4,95.0
2023-08-23,3,15,5.0,2,5.6,215.0
2023-08-23,4,20,6.0,0,9.9,286.0
2023-08-23,5,10,2.0,1,2.9,59.0
2023-08-24,1,10,4.0,1,19.7,219.0
2023-08-24,2,10,5.0,1,3.5,96.0
2023-08-24,3,15,5.0,1,5.6,217.0
2023-08-24,4,20,6.0,3,10.1,291.0
2023-08-24,5,10,2.0,0,3.0,61.0
2023-08-25,1,10,4.0,1,19.8,220.0
2023-08-25,2,10,5.0,0,3.5,97.0
2023-08-25,3,15,5.0,1,5.7,220.0
2023-08-25,4,20,6.0,5,10.3,297.0
2023-08-25,5,10,2.0,1,3.2,64.0
2023-08-26,1,10,4.0,3,19.9,222.0
2023-08-26,2,10,5.0,2,3.5,98.0
2023-08-26,3,15,5.0,2,5.8,223.0
2023-08-26,4,20,6.0,4,10.5,302.0
2023-08-26,5,10,2.0,0,3.3,67.0
2023-08-27,1,10,4.0,2,20.1,223.0
2023-08-27,2,10,5.0,2,3.6,98.0
2023-08-27,3,15,5.0,3,5.8,225.0
2023-08-27,4,20,6.0,5,10.7,307.0
2023-08-27,5,10,2.0,0,3.4,69.0
2023-08-28,1,10,4.0,0,20.2,225.0
2023-08-28,2,10,5.0,4,3.6,99.0
2023-08-28,3,15,5.0,4,5.9,228.0
2023-08-28,4,20,6.0,0,10.9,313.0
2023-08-28,5,10,2.0,0,3.5,72.0
2023-08-29,1,10,4.0,2,20.3,226.0
2023-08-29,2,10,5.0,2,3.6,100.0
2023-08-29,3,15,5.0,3,6.0,230.0
2023-08-29,4,20,6.0,1,11.0,318.0
2023-08-29,5,10,2.0,1,3.7,74.0
2023-08-30,1,10,4.0,2,20.5,228.0
2023-08-30,2,10,5.0,3,3.7,101.0
2023-08-30,3,15,5.0,0,6.0,233.0
2023-08-30,4,20,6.0,1,11.2,324.0
2023-08-30,5,10,2.0,0,3.8,77.0
2023-08-31,1,10,4.0,3,20.6,229.0
2023-08-31,2,10,5.0,1,3.7,102.0
2023-08-31,3,15,5.0,3,6.1,235.0
2023-08-31,4,20,6.0,1,11.4,329.0
2023-08-31,5,10,2.0,1,3.9,80.0
2023-09-01,1,10,4.0,0,20.7,231.0
2023-09-01,2,10,5.0,4,3.7,103.0
2023-09-01,3,15,5.0,2,6.2,238.0
2023-09-01,4,20,6.0,0,11.6,334.0
2023-09-01,5,10,2.0,1,4.1,82.0
2023-09-02,1,10,4.0,0,20.9,232.0
2023-09-02,2,10,5.0,2,3.7,103.0
2023-09-02,3,15,5.0,4,6.2,240.0
2023-09-02,4,20,6.0,3,11.8,340.0
2023-09-02,5,10,2.0,0,4.2,85.0
2023-09-03,1,10,4.0,3,21.0,234.0
2023-09-03,2,10,5.0,4,3.8,104.0
2023-09-03,3,15,5.0,4,6.3,243.0
2023-09-03,4,20,7.0,5,12.0,345.0
2023-09-03,5,10,2.0,1,4.3,87.0
2023-09-04,1,10,4.0,1,21.1,235.0
2023-09-04,2,10,5.0,4,3.8,105.0
2023-09-04,3,15,5.0,3,6.4,246.0
2023-09-04,4,20,7.0,3,12.2,350.0
2023-09-04,5,10,2.0,1,4.4,90.0
2023-09-05,1,10,4.0,2,21.3,237.0
2023-09-05,2,10,5.0,1,3.8,106.0
2023-09-05,3,15,5.0,1,6.4,248.0
2023-09-05,4,20,7.0,4,12.3,356.0
2023-09-05,5,10,2.0,0,4.6,93.0
2023-09-06,1,10,4.0,2,21.4,238.0
2023-09-06,2,10,5.0,0,3.9,107.0
2023-09-06,3,15,5.0,0,6.5,251.0
2023-09-06,4,20,7.0,6,12.5,361.0
2023-09-06,5,10,2.0,1,4.7,95.0
2023-09-07,1,10,4.0,3,21.5,240.0
2023-09-07,2,10,5.0,2,3.9,108.0
2023-09-07,3,15,5.0,1,6.5,253.0
2023-09-07,4,20,7.0,1,12.7,367.0
2023-09-07,5,10,2.0,0,4.8,98.0
2023-09-08,1,10,4.0,0,21.7,241.0
2023-09-08,2,10,5.0,3,3.9,108.0
2023-09-08,3,15,6.0,5,6.6,256.0
2023-09-08,4,20,7.0,6,12.9,372.0
2023-09-08,5,10,2.0,0,4.9,100.0
2023-09-09,1,10,4.0,0,21.8,243.0
2023-09-09,2,10,5.0,3,3.9,109.0
2023-09-09,3,15,6.0,3,6.7,258.0
2023-09-09,4,20,7.0,3,13.1,377.0
2023-09-09,5,10,2.0,0,5.1,103.0
2023-09-10,1,10,4.0,3,21.9,244.0
2023-09-10,2,10,5.0,4,4.0,110.0
2023-09-10,3,15,6.0,1,6.7,261.0
2023-09-10,4,20,7.0,2,13.3,383.0
2023-09-10,5,10,2.0,0,5.2,106.0
2023-09-11,1,10,4.0,2,22.1,246.0
2023-09-11,2,10,5.0,0,4.0,111.0
2023-09-11,3,15,6.0,4,6.8,264.0
2023-09-11,4,20,7.0,2,13.5,388.0
2023-09-11,5,10,2.0,0,5.3,108.0
2023-09-12,1,10,4.0,2,22.2,247.0
2023-09-12,2,10,5.0,2,4.0,112.0
2023-09-12,3,15,6.0,4,6.9,266.0
2023-09-12,4,20,7.0,0,13.6,393.0
2023-09-12,5,10,2.0,0,5.5,111.0
2023-09-13,1,10,4.0,2,22.3,249.0
2023-09-13,2,10,6.0,5,4.1,112.0
2023-09-13,3,15,6.0,3,6.9,269.0
2023-09-13,4,20,7.0,5,13.8,399.0
2023-09-13,5,10,2.0,1,5.6,113.0
2023-09-14,1,10,4.0,3,22.5,250.0
2023-09-14,2,10,6.0,4,4.1,113.0
2023-09-14,3,15,6.0,2,7.0,271.0
2023-09-14,4,20,7.0,5,14.0,404.0
2023-09-14,5,10,2.0,1,5.7,116.0
2023-09-15,1,10,5.0,0,22.6,252.0
2023-09-15,2,10,6.0,3,4.1,114.0
2023-09-15,3,15,6.0,5,7.1,274.0
2023-09-15,4,20,7.0,3,14.2,409.0
2023-09-15,5,10,2.0,1,5.8,119.0
2023-09-16,1,10,5.0,1,22.8,253.0
2023-09-16,2,10,6.0,2,4.2,115.0
2023-09-16,3,15,6.0,4,7.1,276.0
2023-09-16,4,20,8.0,6,14.4,415.0
2023-09-16,5,10,2.0,0,6.0,121.0
2023-09-17,1,10,5.0,1,22.9,255.0
2023-09-17,2,10,6.0,2,4.2,116.0
2023-09-17,3,15,6.0,0,7.2,279.0
2023-09-17,4,20,8.0,5,14.6,420.0
2023-09-17,5,10,2.0,1,6.1,124.0
2023-09-18,1,10,5.0,4,23.0,256.0
2023-09-18,2,10,6.0,4,4.2,117.0
2023-09-18,3,15,6.0,5,7.3,282.0
2023-09-18,4,20,8.0,6,14.8,426.0
2023-09-18,5,10,2.0,0,6.2,126.0
2023-09-19,1,10,5.0,1,23.2,258.0
2023-09-19,2,10,6.0,1,4.2,117.0
2023-09-19,3,15,6.0,3,7.3,284.0
2023-09-19,4,20,8.0,3,14.9,431.0
2023-09-19,5,10,2.0,1,6.3,129.0
2023-09-20,1,10,5.0,2,23.3,259.0
2023-09-20,2,10,6.0,2,4.3,118.0
2023-09-20,3,15,6.0,0,7.4,287.0
2023-09-20,4,20,8.0,2,15.1,436.0
2023-09-20,5,10,2.0,0,6.5,132.0
2023-09-21,1,10,5.0,2,23.4,261.0
2023-09-21,2,10,6.0,5,4.3,119.0
2023-09-21,3,15,6.0,5,7.5,289.0
2023-09-21,4,20,8.0,4,15.3,442.0
2023-09-21,5,10,2.0,0,6.6,134.0
2023-09-22,1,10,5.0,1,23.6,262.0
2023-09-22,2,10,6.0,0,4.3,120.0
2023-09-22,3,15,6.0,1,7.5,292.0
2023-09-22,4,20,8.0,4,15.5,447.0
2023-09-22,5,10,2.0,1,6.7,137.0
2023-09-23,1,10,5.0,4,23.7,264.0
2023-09-23,2,10,6.0,1,4.4,121.0
2023-09-23,3,15,6.0,4,7.6,294.0
2023-09-23,4,20,8.0,7,15.7,452.0
2023-09-23,5,10,2.0,0,6.9,139.0
2023-09-24,1,10,5.0,1,23.8,265.0
2023-09-24,2,10,6.0,4,4.4,121.0
2023-09-24,3,15,6.0,0,7.7,297.0
2023-09-24,4,20,8.0,2,15.9,458.0
2023-09-24,5,10,2.0,0,7.0,142.0
2023-09-25,1,10,5.0,3,24.0,267.0
2023-09-25,2,10,6.0,3,4.4,122.0
2023-09-25,3,15,6.0,1,7.7,300.0
2023-09-25,4,20,8.0,5,16.1,463.0
2023-09-25,5,10,2.0,1,7.1,145.0
2023-09-26,1,10,5.0,1,24.1,268.0
2023-09-26,2,10,6.0,3,4.4,123.0
2023-09-26,3,15,6.0,1,7.8,302.0
2023-09-26,4,20,8.0,0,16.2,468.0
2023-09-26,5,10,2.0,0,7.2,147.0
2023-09-27,1,10,5.0,1,24.2,270.0
2023-09-27,2,10,6.0,1,4.5,124.0
2023-09-27,3,15,6.0,2,7.9,305.0
2023-09-27,4,20,8.0,1,16.4,474.0
2023-09-27,5,10,2.0,1,7.4,150.0
2023-09-28,1,10,5.0,2,24.4,271.0
2023-09-28,2,10,6.0,5,4.5,125.0
2023-09-28,3,15,6.0,2,7.9,307.0
2023-09-28,4,20,8.0,3,16.6,479.0
2023-09-28,5,10,2.0,1,7.5,152.0
2023-09-29,1,10,5.0,0,24.5,273.0
2023-09-29,2,10,6.0,5,4.5,126.0
2023-09-29,3,15,6.0,3,8.0,310.0
2023-09-29,4,20,9.0,4,16.8,485.0
2023-09-29,5,10,2.0,1,7.6,155.0
2023-09-30,1,10,5.0,4,24.6,274.0
2023-09-30,2,10,6.0,5,4.6,126.0
2023-09-30,3,15,6.0,5,8.1,312.0
2023-09-30,4,20,9.0,1,17.0,490.0
2023-09-30,5,10,2.0,0,7.7,158.0
2023-10-01,1,10,5.0,3,24.8,276.0
2023-10-01,2,10,6.0,4,4.6,127.0
2023-10-01,3,15,6.0,2,8.1,315.0
2023-10-01,4,20,9.0,5,17.2,495.0
2023-10-01,5,10,2.0,0,7.9,160.0
2023-10-02,1,10,5.0,0,24.9,277.0
2023-10-02,2,10,6.0,2,4.6,128.0
2023-10-02,3,15,6.0,3,8.2,318.0
2023-10-02,4,20,9.0,1,17.4,501.0
2023-10-02,5,10,2.0,1,8.0,163.0
2023-10-03,1,10,5.0,0,25.0,279.0
2023-10-03,2,10,6.0,3,4.7,129.0
2023-10-03,3,15,7.0,0,8.3,320.0
2023-10-03,4,20,9.0,7,17.5,506.0
2023-10-03,5,10,2.0,1,8.1,165.0
2023-10-04,1,10,5.0,2,25.2,280.0
2023-10-04,2,10,6.0,2,4.7,130.0
2023-10-04,3,15,7.0,4,8.3,323.0
2023-10-04,4,20,9.0,5,17.7,511.0
2023-10-04,5,10,2.0,0,8.3,168.0
2023-10-05,1,10,5.0,4,25.3,282.0
2023-10-05,2,10,6.0,3,4.7,131.0
2023-10-05,3,15,7.0,3,8.4,325.0
2023-10-05,4,20,9.0,1,17.9,517.0
2023-10-05,5,10,2.0,0,8.4,171.0
2023-10-06,1,10,5.0,1,25.4,283.0
2023-10-06,2,10,6.0,2,4.7,131.0
2023-10-06,3,15,7.0,1,8.5,328.0
2023-10-06,4,20,9.0,5,18.1,522.0
2023-10-06,5,10,2.0,0,8.5,173.0
2023-10-07,1,10,5.0,2,25.6,285.0
2023-10-07,2,10,6.0,5,4.8,132.0
2023-10-07,3,15,7.0,4,8.5,330.0
2023-10-07,4,20,9.0,8,18.3,528.0
2023-10-07,5,10,2.0,1,8.6,176.0
2023-10-08,1,10,5.0,1,25.7,286.0
2023-10-08,2,10,6.0,0,4.8,133.0
2023-10-08,3,15,7.0,2,8.6,333.0
2023-10-08,4,20,9.0,6,18.5,533.0
2023-10-08,5,10,2.0,0,8.8,178.0
2023-10-09,1,10,5.0,1,25.9,288.0
2023-10-09,2,10,6.0,5,4.8,134.0
2023-10-09,3,15,7.0,3,8.7,336.0
2023-10-09,4,20,9.0,7,18.7,538.0
2023-10-09,5,10,2.0,1,8.9,181.0
2023-10-10,1,10,5.0,4,26.0,289.0
2023-10-10,2,10,6.0,3,4.9,135.0
2023-10-10,3,15,7.0,5,8.7,338.0
2023-10-10,4,20,9.0,5,18.8,544.0
2023-10-10,5,10,2.0,1,9.0,184.0
2023-10-11,1,10,5.0,1,26.1,291.0
2023-10-11,2,10,6.0,0,4.9,135.0
2023-10-11,3,15,7.0,6,8.8,341.0
2023-10-11,4,20,10.0,2,19.0,549.0
2023-10-11,5,10,2.0,0,9.2,186.0
2023-10-12,1,10,5.0,2,26.3,292.0
2023-10-12,2,10,6.0,1,4.9,136.0
2023-10-12,3,15,7.0,3,8.9,343.0
2023-10-12,4,20,10.0,2,19.2,554.0
2023-10-12,5,10,2.0,0,9.3,189.0
2023-10-13,1,10,5.0,4,26.4,294.0
2023-10-13,2,10,6.0,3,4.9,137.0
2023-10-13,3,15,7.0,4,8.9,346.0
2023-10-13,4,20,10.0,6,19.4,560.0
2023-10-13,5,10,2.0,0,9.4,191.0
2023-10-14,1,10,5.0,0,26.5,295.0
2023-10-14,2,10,6.0,2,5.0,138.0
2023-10-14,3,15,7.0,0,9.0,348.0
2023-10-14,4,20,10.0,3,19.6,565.0
2023-10-14,5,10,2.0,1,9.5,194.0
2023-10-15,1,10,5.0,4,26.7,297.0
2023-10-15,2,10,6.0,1,5.0,139.0
2023-10-15,3,15,7.0,1,9.0,351.0
2023-10-15,4,20,10.0,2,19.8,570.0
2023-10-15,5,10,2.0,0,9.7,197.0
2023-10-16,1,10,5.0,4,26.8,298.0
2023-10-16,2,10,6.0,0,5.0,140.0
2023-10-16,3,15,7.0,2,9.1,354.0
2023-10-16,4,20,10.0,3,20.0,576.0
2023-10-16,5,10,2.0,1,9.8,199.0
2023-10-17,1,10,5.0,3,26.9,300.0
2023-10-17,2,10,7.0,3,5.1,140.0
2023-10-17,3,15,7.0,0,9.2,356.0
2023-10-17,4,20,10.0,6,20.1,581.0
2023-10-17,5,10,2.0,1,9.9,202.0
2023-10-18,1,10,5.0,1,27.1,301.0
2023-10-18,2,10,7.0,3,5.1,141.0
2023-10-18,3,15,7.0,0,9.2,359.0
2023-10-18,4,20,10.0,8,20.3,587.0
2023-10-18,5,10,2.0,1,10.0,204.0
2023-10-19,1,10,5.0,1,27.2,303.0
2023-10-19,2,10,7.0,1,5.1,142.0
2023-10-19,3,15,7.0,5,9.3,361.0
2023-10-19,4,20,10.0,3,20.5,592.0
2023-10-19,5,10,2.0,0,10.2,207.0
2023-10-20,1,10,5.0,3,27.3,304.0
2023-10-20,2,10,7.0,1,5.2,143.0
2023-10-20,3,15,7.0,6,9.4,364.0
2023-10-20,4,20,10.0,9,20.7,597.0
2023-10-20,5,10,2.0,0,10.3,210.0
2023-10-21,1,10,5.0,1,27.5,306.0
2023-10-21,2,10,7.0,1,5.2,144.0
2023-10-21,3,15,7.0,6,9.4,366.0
2023-10-21,4,20,10.0,7,20.9,603.0
2023-10-21,5,10,2.0,1,10.4,212.0
2023-10-22,1,10,5.0,3,27.6,307.0
2023-10-22,2,10,7.0,0,5.2,144.0
2023-10-22,3,15,7.0,0,9.5,369.0
2023-10-22,4,20,10.0,5,21.1,608.0
2023-10-22,5,10,2.0,1,10.6,215.0
2023-10-23,1,10,5.0,1,27.7,309.0
2023-10-23,2,10,7.0,2,5.2,145.0
2023-10-23,3,15,7.0,4,9.6,372.0
2023-10-23,4,20,10.0,8,21.3,613.0
2023-10-23,5,10,2.0,1,10.7,217.0
2023-10-24,1,10,5.0,2,27.9,310.0
2023-10-24,2,10,7.0,0,5.3,146.0
2023-10-24,3,15,7.0,1,9.6,374.0
2023-10-24,4,20,11.0,9,21.4,619.0
2023-10-24,5,10,2.0,0,10.8,220.0
2023-10-25,1,10,5.0,1,28.0,312.0
2023-10-25,2,10,7.0,6,5.3,147.0
2023-10-25,3,15,7.0,5,9.7,377.0
2023-10-25,4,20,11.0,2,21.6,624.0
2023-10-25,5,10,2.0,1,10.9,223.0
2023-10-26,1,10,5.0,0,28.1,313.0
2023-10-26,2,10,7.0,2,5.3,148.0
2023-10-26,3,15,7.0,6,9.8,379.0
2023-10-26,4,20,11.0,8,21.8,630.0
2023-10-26,5,10,2.0,0,11.1,225.0
2023-10-27,1,10,5.0,0,28.3,315.0
2023-10-27,2,10,7.0,0,5.4,149.0
2023-10-27,3,15,7.0,6,9.8,382.0
2023-10-27,4,20,11.0,1,22.0,635.0
2023-10-27,5,10,2.0,1,11.2,228.0
2023-10-28,1,10,5.0,4,28.4,316.0
2023-10-28,2,10,7.0,0,5.4,149.0
2023-10-28,3,15,8.0,1,9.9,384.0
2023-10-28,4,20,11.0,4,22.2,640.0
2023-10-28,5,10,2.0,1,11.3,230.0
2023-10-29,1,10,5.0,4,28.6,318.0
2023-10-29,2,10,7.0,3,5.4,150.0
2023-10-29,3,15,8.0,4,10.0,387.0
2023-10-29,4,20,11.0,3,22.4,646.0
2023-10-29,5,10,2.0,0,11.4,233.0
2023-10-30,1,10,5.0,2,28.7,319.0
2023-10-30,2,10,7.0,1,5.4,151.0
2023-10-30,3,15,8.0,1,10.0,390.0
2023-10-30,4,20,11.0,5,22.6,651.0
2023-10-30,5,10,2.0,1,11.6,236.0
2023-10-31,1,10,5.0,2,28.8,321.0
2023-10-31,2,10,7.0,3,5.5,152.0
2023-10-31,3,15,8.0,5,10.1,392.0
2023-10-31,4,20,11.0,0,22.7,656.0
2023-10-31,5,10,2.0,0,11.7,238.0
2023-11-01,1,10,5.0,4,29.0,322.0
2023-11-01,2,10,7.0,6,5.5,153.0
2023-11-01,3,15,8.0,5,10.2,395.0
2023-11-01,4,20,11.0,4,22.9,662.0
2023-11-01,5,10,2.0,0,11.8,241.0
2023-11-02,1,10,5.0,0,29.1,324.0
2023-11-02,2,10,7.0,6,5.5,154.0
2023-11-02,3,15,8.0,0,10.2,397.0
2023-11-02,4,20,11.0,1,23.1,667.0
2023-11-02,5,10,2.0,1,12.0,243.0
2023-11-03,1,10,5.0,2,29.2,325.0
2023-11-03,2,10,7.0,2,5.6,154.0
2023-11-03,3,15,8.0,4,10.3,400.0
2023-11-03,4,20,11.0,2,23.3,672.0
2023-11-03,5,10,2.0,1,12.1,246.0
2023-11-04,1,10,5.0,2,29.4,327.0
2023-11-04,2,10,7.0,6,5.6,155.0
2023-11-04,3,15,8.0,6,10.4,402.0
2023-11-04,4,20,11.0,4,23.5,678.0
2023-11-04,5,10,2.0,0,12.2,249.0
2023-11-05,1,10,5.0,4,29.5,328.0
2023-11-05,2,10,7.0,1,5.6,156.0
2023-11-05,3,15,8.0,6,10.4,405.0
2023-11-05,4,20,11.0,2,23.7,683.0
2023-11-05,5,10,2.0,1,12.3,251.0
2023-11-06,1,10,5.0,2,29.6,330.0
2023-11-06,2,10,7.0,0,5.7,157.0
2023-11-06,3,15,8.0,4,10.5,408.0
2023-11-06,4,20,12.0,8,23.8,689.0
2023-11-06,5,10,2.0,1,12.5,254.0
2023-11-07,1,10,5.0,4,29.8,331.0
2023-11-07,2,10,7.0,3,5.7,158.0
2023-11-07,3,15,8.0,5,10.6,410.0
2023-11-07,4,20,12.0,3,24.0,694.0
2023-11-07,5,10,2.0,1,12.6,256.0
2023-11-08,1,10,5.0,2,29.9,333.0
2023-11-08,2,10,7.0,3,5.7,158.0
2023-11-08,3,15,8.0,2,10.6,413.0
2023-11-08,4,20,12.0,6,24.2,699.0
2023-11-08,5,10,2.0,1,12.7,259.0
2023-11-09,1,10,5.0,4,30.0,334.0
2023-11-09,2,10,7.0,3,5.7,159.0
2023-11-09,3,15,8.0,4,10.7,415.0
2023-11-09,4,20,12.0,9,24.4,705.0
2023-11-09,5,10,2.0,1,12.8,262.0
2023-11-10,1,10,6.0,3,30.2,336.0
2023-11-10,2,10,7.0,0,5.8,160.0
2023-11-10,3,15,8.0,3,10.8,418.0
2023-11-10,4,20,12.0,3,24.6,710.0
2023-11-10,5,10,2.0,0,13.0,264.0
2023-11-11,1,10,6.0,2,30.3,337.0
2023-11-11,2,10,7.0,6,5.8,161.0
2023-11-11,3,15,8.0,4,10.8,420.0
2023-11-11,4,20,12.0,3,24.8,715.0
2023-11-11,5,10,2.0,0,13.1,267.0
2023-11-12,1,10,6.0,5,30.4,339.0
2023-11-12,2,10,7.0,5,5.8,162.0
2023-11-12,3,15,8.0,2,10.9,423.0
2023-11-12,4,20,12.0,6,25.0,721.0
2023-11-12,5,10,2.0,0,13.2,269.0
2023-11-13,1,10,6.0,3,30.6,340.0
2023-11-13,2,10,7.0,2,5.9,163.0
2023-11-13,3,15,8.0,4,11.0,426.0
2023-11-13,4,20,12.0,0,25.1,726.0
2023-11-13,5,10,2.0,0,13.4,272.0
2023-11-14,1,10,6.0,3,30.7,342.0
2023-11-14,2,10,7.0,1,5.9,163.0
2023-11-14,3,15,8.0,6,11.0,428.0
2023-11-14,4,20,12.0,1,25.3,732.0
2023-11-14,5,10,2.0,0,13.5,275.0
2023-11-15,1,10,6.0,2,30.8,343.0
2023-11-15,2,10,7.0,6,5.9,164.0
2023-11-15,3,15,8.0,7,11.1,431.0
2023-11-15,4,20,12.0,3,25.5,737.0
2023-11-15,5,10,3.0,1,13.6,277.0
2023-11-16,1,10,6.0,4,31.0,345.0
2023-11-16,2,10,7.0,5,5.9,165.0
2023-11-16,3,15,8.0,1,11.2,433.0
2023-11-16,4,20,12.0,1,25.7,742.0
2023-11-16,5,10,3.0,0,13.7,280.0
2023-11-17,1,10,6.0,5,31.1,346.0
2023-11-17,2,10,7.0,4,6.0,166.0
2023-11-17,3,15,8.0,0,11.2,436.0
2023-11-17,4,20,12.0,1,25.9,748.0
2023-11-17,5,10,3.0,2,13.9,283.0
2023-11-18,1,10,6.0,2,31.2,348.0
2023-11-18,2,10,7.0,6,6.0,167.0
2023-11-18,3,15,8.0,5,11.3,438.0
2023-11-18,4,20,12.0,8,26.1,753.0
2023-11-18,5,10,3.0,1,14.0,285.0
2023-11-19,1,10,6.0,4,31.4,349.0
2023-11-19,2,10,7.0,2,6.0,167.0
2023-11-19,3,15,8.0,2,11.4,441.0
2023-11-19,4,20,13.0,0,26.3,758.0
2023-11-19,5,10,3.0,0,14.1,288.0
2023-11-20,1,10,6.0,0,31.5,351.0
2023-11-20,2,10,8.0,4,6.1,168.0
2023-11-20,3,15,8.0,7,11.4,444.0
2023-11-20,4,20,13.0,6,26.4,764.0
2023-11-20,5,10,3.0,2,14.3,290.0
2023-11-21,1,10,6.0,0,31.7,352.0
2023-11-21,2,10,8.0,3,6.1,169.0
2023-11-21,3,15,8.0,7,11.5,446.0
2023-11-21,4,20,13.0,7,26.6,769.0
2023-11-21,5,10,3.0,1,14.4,293.0
2023-11-22,1,10,6.0,0,31.8,354.0
2023-11-22,2,10,8.0,4,6.1,170.0
2023-11-22,3,15,9.0,5,11.6,449.0
2023-11-22,4,20,13.0,0,26.8,774.0
2023-11-22,5,10,3.0,1,14.5,296.0
2023-11-23,1,10,6.0,3,31.9,355.0
2023-11-23,2,10,8.0,7,6.2,171.0
2023-11-23,3,15,9.0,3,11.6,451.0
2023-11-23,4,20,13.0,9,27.0,780.0
2023-11-23,5,10,3.0,0,14.6,298.0
2023-11-24,1,10,6.0,5,32.1,357.0
2023-11-24,2,10,8.0,1,6.2,172.0
2023-11-24,3,15,9.0,3,11.7,454.0
2023-11-24,4,20,13.0,12,27.2,785.0
2023-11-24,5,10,3.0,2,14.8,301.0
2023-11-25,1,10,6.0,2,32.2,358.0
2023-11-25,2,10,8.0,3,6.2,172.0
2023-11-25,3,15,9.0,5,11.7,456.0
2023-11-25,4,20,13.0,7,27.4,791.0
2023-11-25,5,10,3.0,2,14.9,303.0
2023-11-26,1,10,6.0,2,32.3,360.0
2023-11-26,2,10,8.0,2,6.2,173.0
2023-11-26,3,15,9.0,6,11.8,459.0
2023-11-26,4,20,13.0,0,27.6,796.0
2023-11-26,5,10,3.0,0,15.0,306.0
2023-11-27,1,10,6.0,4,32.5,361.0
2023-11-27,2,10,8.0,3,6.3,174.0
2023-11-27,3,15,9.0,4,11.9,462.0
2023-11-27,4,20,13.0,5,27.7,801.0
2023-11-27,5,10,3.0,1,15.1,309.0
2023-11-28,1,10,6.0,1,32.6,363.0
2023-11-28,2,10,8.0,1,6.3,175.0
2023-11-28,3,15,9.0,4,11.9,464.0
2023-11-28,4,20,13.0,11,27.9,807.0
2023-11-28,5,10,3.0,2,15.3,311.0
2023-11-29,1,10,6.0,2,32.7,364.0
2023-11-29,2,10,8.0,0,6.3,176.0
2023-11-29,3,15,9.0,2,12.0,467.0
2023-11-29,4,20,13.0,12,28.1,812.0
2023-11-29,5,10,3.0,0,15.4,314.0
2023-11-30,1,10,6.0,5,32.9,366.0
2023-11-30,2,10,8.0,6,6.4,177.0
2023-11-30,3,15,9.0,5,12.1,469.0
2023-11-30,4,20,13.0,12,28.3,817.0
2023-11-30,5,10,3.0,0,15.5,316.0
2023-12-01,1,10,6.0,2,33.0,367.0
2023-12-01,2,10,8.0,7,6.4,177.0
2023-12-01,3,15,9.0,3,12.1,472.0
2023-12-01,4,20,14.0,1,28.5,823.0
2023-12-01,5,10,3.0,0,15.7,319.0
2023-12-02,1,10,6.0,5,33.1,369.0
2023-12-02,2,10,8.0,7,6.4,178.0
2023-12-02,3,15,9.0,2,12.2,474.0
2023-12-02,4,20,14.0,12,28.7,828.0
2023-12-02,5,10,3.0,2,15.8,322.0
2023-12-03,1,10,6.0,5,33.3,370.0
2023-12-03,2,10,8.0,0,6.4,179.0
2023-12-03,3,15,9.0,1,12.3,477.0
2023-12-03,4,20,14.0,4,28.9,834.0
2023-12-03,5,10,3.0,2,15.9,324.0
2023-12-04,1,10,6.0,0,33.4,372.0
2023-12-04,2,10,8.0,2,6.5,180.0
2023-12-04,3,15,9.0,7,12.3,479.0
2023-12-04,4,20,14.0,3,29.0,839.0
2023-12-04,5,10,3.0,2,16.0,327.0
2023-12-05,1,10,6.0,3,33.5,373.0
2023-12-05,2,10,8.0,7,6.5,181.0
2023-12-05,3,15,9.0,6,12.4,482.0
2023-12-05,4,20,14.0,9,29.2,844.0
2023-12-05,5,10,3.0,0,16.2,329.0
2023-12-06,1,10,6.0,2,33.7,375.0
2023-12-06,2,10,8.0,5,6.5,181.0
2023-12-06,3,15,9.0,7,12.5,485.0
2023-12-06,4,20,14.0,0,29.4,850.0
2023-12-06,5,10,3.0,2,16.3,332.0
2023-12-07,1,10,6.0,1,33.8,376.0
2023-12-07,2,10,8.0,7,6.6,182.0
2023-12-07,3,15,9.0,8,12.5,487.0
2023-12-07,4,20,14.0,13,29.6,855.0
2023-12-07,5,10,3.0,0,16.4,335.0
2023-12-08,1,10,6.0,1,33.9,378.0
2023-12-08,2,10,8.0,7,6.6,183.0
2023-12-08,3,15,9.0,0,12.6,490.0
2023-12-08,4,20,14.0,10,29.8,860.0
2023-12-08,5,10,3.0,0,16.5,337.0
2023-12-09,1,10,6.0,0,34.1,379.0
2023-12-09,2,10,8.0,0,6.6,184.0
2023-12-09,3,15,9.0,4,12.7,492.0
2023-12-09,4,20,14.0,8,30.0,866.0
2023-12-09,5,10,3.0,2,16.7,340.0
2023-12-10,1,10,6.0,0,34.2,381.0
2023-12-10,2,10,8.0,6,6.7,185.0
2023-12-10,3,15,9.0,7,12.7,495.0
2023-12-10,4,20,14.0,6,30.2,871.0
2023-12-10,5,10,3.0,0,16.8,342.0
2023-12-11,1,10,6.0,3,34.3,382.0
2023-12-11,2,10,8.0,4,6.7,186.0
2023-12-11,3,15,9.0,2,12.8,497.0
2023-12-11,4,20,14.0,9,30.3,876.0
2023-12-11,5,10,3.0,0,16.9,345.0
2023-12-12,1,10,6.0,3,34.5,384.0
2023-12-12,2,10,8.0,7,6.7,186.0
2023-12-12,3,15,9.0,2,12.9,500.0
2023-12-12,4,20,14.0,10,30.5,882.0
2023-12-12,5,10,3.0,2,17.1,348.0
2023-12-13,1,10,6.0,2,34.6,385.0
2023-12-13,2,10,8.0,7,6.7,187.0
2023-12-13,3,15,9.0,8,12.9,503.0
2023-12-13,4,20,14.0,12,30.7,887.0
2023-12-13,5,10,3.0,2,17.2,350.0
2023-12-14,1,10,6.0,0,34.8,387.0
2023-12-14,2,10,8.0,2,6.8,188.0
2023-12-14,3,15,9.0,1,13.0,505.0
2023-12-14,4,20,15.0,1,30.9,893.0
2023-12-14,5,10,3.0,2,17.3,353.0
2023-12-15,1,10,6.0,1,34.9,388.0
2023-12-15,2,10,8.0,1,6.8,189.0
2023-12-15,3,15,9.0,6,13.1,508.0
2023-12-15,4,20,15.0,0,31.1,898.0
2023-12-15,5,10,3.0,1,17.4,355.0
2023-12-16,1,10,6.0,5,35.0,390.0
2023-12-16,2,10,8.0,5,6.8,190.0
2023-12-16,3,15,10.0,0,13.1,510.0
2023-12-16,4,20,15.0,1,31.3,903.0
2023-12-16,5,10,3.0,0,17.6,358.0
2023-12-17,1,10,6.0,0,35.2,391.0
2023-12-17,2,10,8.0,3,6.9,191.0
2023-12-17,3,15,10.0,4,13.2,513.0
2023-12-17,4,20,15.0,12,31.5,909.0
2023-12-17,5,10,3.0,2,17.7,361.0
2023-12-18,1,10,6.0,3,35.3,393.0
2023-12-18,2,10,8.0,4,6.9,191.0
2023-12-18,3,15,10.0,9,13.3,515.0
2023-12-18,4,20,15.0,3,31.6,914.0
2023-12-18,5,10,3.0,0,17.8,363.0
2023-12-19,1,10,6.0,5,35.4,394.0
2023-12-19,2,10,8.0,0,6.9,192.0
2023-12-19,3,15,10.0,3,13.3,518.0
2023-12-19,4,20,15.0,10,31.8,919.0
2023-12-19,5,10,3.0,2,17.9,366.0
2023-12-20,1,10,6.0,0,35.6,396.0
2023-12-20,2,10,8.0,7,6.9,193.0
2023-12-20,3,15,10.0,6,13.4,521.0
2023-12-20,4,20,15.0,1,32.0,925.0
2023-12-20,5,10,3.0,1,18.1,368.0
2023-12-21,1,10,6.0,0,35.7,397.0
2023-12-21,2,10,8.0,0,7.0,194.0
2023-12-21,3,15,10.0,8,13.5,523.0
2023-12-21,4,20,15.0,10,32.2,930.0
2023-12-21,5,10,3.0,1,18.2,371.0
2023-12-22,1,10,6.0,1,35.8,399.0
2023-12-22,2,10,8.0,4,7.0,195.0
2023-12-22,3,15,10.0,2,13.5,526.0
2023-12-22,4,20,15.0,4,32.4,935.0
2023-12-22,5,10,3.0,0,18.3,374.0
2023-12-23,1,10,6.0,4,36.0,400.0
2023-12-23,2,10,9.0,0,7.0,195.0
2023-12-23,3,15,10.0,0,13.6,528.0
2023-12-23,4,20,15.0,14,32.6,941.0
2023-12-23,5,10,3.0,0,18.5,376.0
2023-12-24,1,10,6.0,1,36.1,402.0
2023-12-24,2,10,9.0,0,7.1,196.0
2023-12-24,3,15,10.0,6,13.7,531.0
2023-12-24,4,20,15.0,8,32.8,946.0
2023-12-24,5,10,3.0,0,18.6,379.0
2023-12-25,1,10,6.0,2,36.2,403.0
2023-12-25,2,10,9.0,8,7.1,197.0
2023-12-25,3,15,10.0,8,13.7,533.0
2023-12-25,4,20,15.0,7,32.9,952.0
2023-12-25,5,10,3.0,2,18.7,381.0
2023-12-26,1,10,6.0,5,36.4,405.0
2023-12-26,2,10,9.0,7,7.1,198.0
2023-12-26,3,15,10.0,4,13.8,536.0
2023-12-26,4,20,15.0,4,33.1,957.0
2023-12-26,5,10,3.0,0,18.8,384.0
2023-12-27,1,10,6.0,5,36.5,406.0
2023-12-27,2,10,9.0,0,7.1,199.0
2023-12-27,3,15,10.0,2,13.9,539.0
2023-12-27,4,20,16.0,1,33.3,962.0
2023-12-27,5,10,3.0,0,19.0,387.0
2023-12-28,1,10,6.0,1,36.6,408.0
2023-12-28,2,10,9.0,2,7.2,200.0
2023-12-28,3,15,10.0,3,13.9,541.0
2023-12-28,4,20,16.0,7,33.5,968.0
2023-12-28,5,10,3.0,1,19.1,389.0
2023-12-29,1,10,6.0,3,36.8,409.0
2023-12-29,2,10,9.0,3,7.2,200.0
2023-12-29,3,15,10.0,6,14.0,544.0
2023-12-29,4,20,16.0,10,33.7,973.0
2023-12-29,5,10,3.0,1,19.2,392.0
2023-12-30,1,10,6.0,3,36.9,411.0
2023-12-30,2,10,9.0,6,7.2,201.0
2023-12-30,3,15,10.0,1,14.1,546.0
2023-12-30,4,20,16.0,0,33.9,978.0
2023-12-30,5,10,3.0,2,19.4,394.0
2023-12-31,1,10,6.0,4,37.0,412.0
2023-12-31,2,10,9.0,3,7.3,202.0
2023-12-31,3,15,10.0,1,14.1,549.0
2023-12-31,4,20,16.0,0,34.1,984.0
2023-12-31,5,10,3.0,1,19.5,397.0
2024-01-01,1,10,6.0,2,37.2,414.0
2024-01-01,2,10,9.0,2,7.3,203.0
2024-01-01,3,15,10.0,7,14.2,551.0
2024-01-01,4,20,16.0,0,34.2,989.0
2024-01-01,5,10,3.0,0,19.6,400.0
2024-01-02,1,10,6.0,0,37.3,415.0
2024-01-02,2,10,9.0,3,7.3,204.0
2024-01-02,3,15,10.0,1,14.2,554.0
2024-01-02,4,20,16.0,15,34.4,995.0
2024-01-02,5,10,3.0,1,19.7,402.0
2024-01-03,1,10,6.0,1,37.4,417.0
2024-01-03,2,10,9.0,3,7.4,204.0
2024-01-03,3,15,10.0,0,14.3,557.0
2024-01-03,4,20,16.0,5,34.6,1000.0
2024-01-03,5,10,3.0,0,19.9,405.0
2024-01-04,1,10,7.0,3,37.6,418.0
2024-01-04,2,10,9.0,3,7.4,205.0
2024-01-04,3,15,10.0,9,14.4,559.0
2024-01-04,4,20,16.0,10,34.8,1005.0
2024-01-04,5,10,3.0,1,20.0,407.0
2024-01-05,1,10,7.0,0,37.7,420.0
2024-01-05,2,10,9.0,1,7.4,206.0
2024-01-05,3,15,10.0,7,14.4,562.0
2024-01-05,4,20,16.0,7,35.0,1011.0
2024-01-05,5,10,3.0,0,20.1,410.0
2024-01-06,1,10,7.0,2,37.9,421.0
2024-01-06,2,10,9.0,7,7.4,207.0
2024-01-06,3,15,10.0,7,14.5,564.0
2024-01-06,4,20,16.0,0,35.2,1016.0
2024-01-06,5,10,3.0,1,20.2,413.0
2024-01-07,1,10,7.0,0,38.0,423.0
2024-01-07,2,10,9.0,1,7.5,208.0
2024-01-07,3,15,10.0,2,14.6,567.0
2024-01-07,4,20,16.0,13,35.4,1021.0
2024-01-07,5,10,3.0,0,20.4,415.0
2024-01-08,1,10,7.0,1,38.1,424.0
2024-01-08,2,10,9.0,5,7.5,209.0
2024-01-08,3,15,10.0,2,14.6,569.0
2024-01-08,4,20,16.0,7,35.5,1027.0
2024-01-08,5,10,3.0,0,20.5,418.0
2024-01-09,1,10,7.0,4,38.3,426.0
2024-01-09,2,10,9.0,4,7.5,209.0
2024-01-09,3,15,10.0,0,14.7,572.0
2024-01-09,4,20,17.0,6,35.7,1032.0
2024-01-09,5,10,3.0,2,20.6,420.0
2024-01-10,1,10,7.0,4,38.4,427.0
2024-01-10,2,10,9.0,2,7.6,210.0
2024-01-10,3,15,11.0,7,14.8,575.0
2024-01-10,4,20,17.0,0,35.9,1037.0
2024-01-10,5,10,3.0,1,20.8,423.0
2024-01-11,1,10,7.0,5,38.5,429.0
2024-01-11,2,10,9.0,2,7.6,211.0
2024-01-11,3,15,11.0,7,14.8,577.0
2024-01-11,4,20,17.0,8,36.1,1043.0
2024-01-11,5,10,3.0,0,20.9,426.0
2024-01-12,1,10,7.0,6,38.7,430.0
2024-01-12,2,10,9.0,4,7.6,212.0
2024-01-12,3,15,11.0,10,14.9,580.0
2024-01-12,4,20,17.0,16,36.3,1048.0
2024-01-12,5,10,3.0,2,21.0,428.0
2024-01-13,1,10,7.0,6,38.8,432.0
2024-01-13,2,10,9.0,7,7.6,213.0
2024-01-13,3,15,11.0,8,15.0,582.0
2024-01-13,4,20,17.0,12,36.5,1054.0
2024-01-13,5,10,3.0,1,21.1,431.0
2024-01-14,1,10,7.0,6,38.9,433.0
2024-01-14,2,10,9.0,4,7.7,214.0
2024-01-14,3,15,11.0,0,15.0,585.0
2024-01-14,4,20,17.0,11,36.7,1059.0
2024-01-14,5,10,3.0,1,21.3,433.0
2024-01-15,1,10,7.0,4,39.1,435.0
2024-01-15,2,10,9.0,8,7.7,214.0
2024-01-15,3,15,11.0,4,15.1,587.0
2024-01-15,4,20,17.0,14,36.8,1064.0
2024-01-15,5,10,3.0,0,21.4,436.0
2024-01-16,1,10,7.0,6,39.2,436.0
2024-01-16,2,10,9.0,2,7.7,215.0
2024-01-16,3,15,11.0,6,15.2,590.0
2024-01-16,4,20,17.0,7,37.0,1070.0
2024-01-16,5,10,3.0,2,21.5,439.0
2024-01-17,1,10,7.0,2,39.3,438.0
2024-01-17,2,10,9.0,0,7.8,216.0
2024-01-17,3,15,11.0,10,15.2,593.0
2024-01-17,4,20,17.0,6,37.2,1075.0
2024-01-17,5,10,3.0,1,21.6,441.0
2024-01-18,1,10,7.0,1,39.5,439.0
2024-01-18,2,10,9.0,8,7.8,217.0
2024-01-18,3,15,11.0,2,15.3,595.0
2024-01-18,4,20,17.0,2,37.4,1080.0
2024-01-18,5,10,3.0,1,21.8,444.0
2024-01-19,1,10,7.0,2,39.6,441.0
2024-01-19,2,10,9.0,1,7.8,218.0
2024-01-19,3,15,11.0,8,15.4,598.0
2024-01-19,4,20,17.0,8,37.6,1086.0
2024-01-19,5,10,3.0,2,21.9,446.0
2024-01-20,1,10,7.0,6,39.7,442.0
2024-01-20,2,10,9.0,8,7.9,218.0
2024-01-20,3,15,11.0,10,15.4,600.0
2024-01-20,4,20,17.0,9,37.8,1091.0
2024-01-20,5,10,3.0,0,22.0,449.0
2024-01-21,1,10,7.0,6,39.9,444.0
2024-01-21,2,10,9.0,8,7.9,219.0
2024-01-21,3,15,11.0,4,15.5,603.0
2024-01-21,4,20,18.0,9,37.9,1097.0
2024-01-21,5,10,3.0,0,22.2,452.0
2024-01-22,1,10,7.0,0,40.0,445.0
2024-01-22,2,10,9.0,5,7.9,220.0
2024-01-22,3,15,11.0,1,15.6,605.0
2024-01-22,4,20,18.0,4,38.1,1102.0
2024-01-22,5,10,3.0,2,22.3,454.0
2024-01-23,1,10,7.0,0,40.1,447.0
2024-01-23,2,10,9.0,1,7.9,221.0
2024-01-23,3,15,11.0,6,15.6,608.0
2024-01-23,4,20,18.0,11,38.3,1107.0
2024-01-23,5,10,3.0,2,22.4,457.0
2024-01-24,1,10,7.0,2,40.3,448.0
2024-01-24,2,10,9.0,0,8.0,222.0
2024-01-24,3,15,11.0,10,15.7,611.0
2024-01-24,4,20,18.0,0,38.5,1113.0
2024-01-24,5,10,3.0,0,22.5,459.0
2024-01-25,1,10,7.0,3,40.4,450.0
2024-01-25,2,10,9.0,4,8.0,223.0
2024-01-25,3,15,11.0,5,15.8,613.0
2024-01-25,4,20,18.0,15,38.7,1118.0
2024-01-25,5,10,3.0,0,22.7,462.0
2024-01-26,1,10,7.0,5,40.6,451.0
2024-01-26,2,10,10.0,8,8.0,223.0
2024-01-26,3,15,11.0,4,15.8,616.0
2024-01-26,4,20,18.0,5,38.9,1123.0
2024-01-26,5,10,3.0,2,22.8,465.0
2024-01-27,1,10,7.0,1,40.7,453.0
2024-01-27,2,10,10.0,8,8.1,224.0
2024-01-27,3,15,11.0,9,15.9,618.0
2024-01-27,4,20,18.0,2,39.1,1129.0
2024-01-27,5,10,3.0,0,22.9,467.0
2024-01-28,1,10,7.0,6,40.8,454.0
2024-01-28,2,10,10.0,9,8.1,225.0
2024-01-28,3,15,11.0,5,16.0,621.0
2024-01-28,4,20,18.0,3,39.2,1134.0
2024-01-28,5,10,3.0,2,23.0,470.0
2024-01-29,1,10,7.0,3,41.0,456.0
2024-01-29,2,10,10.0,7,8.1,226.0
2024-01-29,3,15,11.0,6,16.0,623.0
2024-01-29,4,20,18.0,9,39.4,1139.0
2024-01-29,5,10,3.0,0,23.2,472.0
2024-01-30,1,10,7.0,1,41.1,457.0
2024-01-30,2,10,10.0,9,8.1,227.0
2024-01-30,3,15,11.0,7,16.1,626.0
2024-01-30,4,20,18.0,10,39.6,1145.0
2024-01-30,5,10,3.0,2,23.3,475.0
2024-01-31,1,10,7.0,4,41.2,459.0
2024-01-31,2,10,10.0,9,8.2,227.0
2024-01-31,3,15,11.0,8,16.2,629.0
2024-01-31,4,20,18.0,10,39.8,1150.0
2024-01-31,5,10,3.0,1,23.4,478.0
2024-02-01,1,10,7.0,1,41.4,460.0
2024-02-01,2,10,10.0,0,8.2,228.0
2024-02-01,3,15,11.0,3,16.2,631.0
2024-02-01,4,20,18.0,4,40.0,1156.0
2024-02-01,5,10,3.0,2,23.6,480.0
2024-02-02,1,10,7.0,5,41.5,462.0
2024-02-02,2,10,10.0,5,8.2,229.0
2024-02-02,3,15,11.0,3,16.3,634.0
2024-02-02,4,20,18.0,3,40.2,1161.0
2024-02-02,5,10,3.0,2,23.7,483.0
2024-02-03,1,10,7.0,1,41.6,463.0
2024-02-03,2,10,10.0,3,8.3,230.0
2024-02-03,3,15,11.0,5,16.4,636.0
2024-02-03,4,20,19.0,15,40.4,1166.0
2024-02-03,5,10,3.0,0,23.8,485.0
2024-02-04,1,10,7.0,3,41.8,465.0
2024-02-04,2,10,10.0,0,8.3,231.0
2024-02-04,3,15,12.0,6,16.4,639.0
2024-02-04,4,20,19.0,18,40.5,1172.0
2024-02-04,5,10,3.0,0,23.9,488.0
2024-02-05,1,10,7.0,2,41.9,466.0
2024-02-05,2,10,10.0,7,8.3,232.0
2024-02-05,3,15,12.0,9,16.5,641.0
2024-02-05,4,20,19.0,11,40.7,1177.0
2024-02-05,5,10,3.0,0,24.1,491.0
2024-02-06,1,10,7.0,1,42.0,468.0
2024-02-06,2,10,10.0,6,8.4,232.0
2024-02-06,3,15,12.0,5,16.6,644.0
2024-02-06,4,20,19.0,3,40.9,1182.0
2024-02-06,5,10,3.0,0,24.2,493.0
2024-02-07,1,10,7.0,6,42.2,469.0
2024-02-07,2,10,10.0,4,8.4,233.0
2024-02-07,3,15,12.0,9,16.6,647.0
2024-02-07,4,20,19.0,8,41.1,1188.0
2024-02-07,5,10,3.0,0,24.3,496.0
2024-02-08,1,10,7.0,4,42.3,471.0
2024-02-08,2,10,10.0,8,8.4,234.0
2024-02-08,3,15,12.0,11,16.7,649.0
2024-02-08,4,20,19.0,16,41.3,1193.0
2024-02-08,5,10,3.0,2,24.5,498.0
2024-02-09,1,10,7.0,6,42.4,472.0
2024-02-09,2,10,10.0,3,8.4,235.0
2024-02-09,3,15,12.0,1,16.7,652.0
2024-02-09,4,20,19.0,2,41.5,1199.0
2024-02-09,5,10,3.0,2,24.6,501.0
2024-02-10,1,10,7.0,3,42.6,474.0
2024-02-10,2,10,10.0,5,8.5,236.0
2024-02-10,3,15,12.0,10,16.8,654.0
2024-02-10,4,20,19.0,18,41.7,1204.0
2024-02-10,5,10,3.0,0,24.7,504.0
2024-02-11,1,10,7.0,2,42.7,475.0
2024-02-11,2,10,10.0,7,8.5,237.0
2024-02-11,3,15,12.0,2,16.9,657.0
2024-02-11,4,20,19.0,10,41.8,1209.0
2024-02-11,5,10,3.0,1,24.8,506.0
2024-02-12,1,10,7.0,3,42.8,477.0
2024-02-12,2,10,10.0,7,8.5,237.0
2024-02-12,3,15,12.0,5,16.9,659.0
2024-02-12,4,20,19.0,14,42.0,1215.0
2024-02-12,5,10,3.0,1,25.0,509.0
2024-02-13,1,10,7.0,0,43.0,478.0
2024-02-13,2,10,10.0,6,8.6,238.0
2024-02-13,3,15,12.0,3,17.0,662.0
2024-02-13,4,20,19.0,9,42.2,1220.0
2024-02-13,5,10,3.0,0,25.1,511.0
2024-02-14,1,10,7.0,5,43.1,480.0
2024-02-14,2,10,10.0,9,8.6,239.0
2024-02-14,3,15,12.0,2,17.1,665.0
2024-02-14,4,20,19.0,7,42.4,1225.0
2024-02-14,5,10,3.0,2,25.2,514.0
2024-02-15,1,10,7.0,0,43.2,481.0
2024-02-15,2,10,10.0,7,8.6,240.0
2024-02-15,3,15,12.0,9,17.1,667.0
2024-02-15,4,20,19.0,8,42.6,1231.0
2024-02-15,5,10,3.0,1,25.3,517.0
2024-02-16,1,10,7.0,5,43.4,483.0
2024-02-16,2,10,10.0,0,8.6,241.0
2024-02-16,3,15,12.0,5,17.2,670.0
2024-02-16,4,20,20.0,13,42.8,1236.0
2024-02-16,5,10,3.0,0,25.5,519.0
2024-02-17,1,10,7.0,0,43.5,484.0
2024-02-17,2,10,10.0,9,8.7,241.0
2024-02-17,3,15,12.0,3,17.3,672.0
2024-02-17,4,20,20.0,4,43.0,1241.0
2024-02-17,5,10,3.0,2,25.6,522.0
2024-02-18,1,10,7.0,3,43.7,486.0
2024-02-18,2,10,10.0,8,8.7,242.0
2024-02-18,3,15,12.0,11,17.3,675.0
2024-02-18,4,20,20.0,19,43.1,1247.0
2024-02-18,5,10,3.0,2,25.7,524.0
2024-02-19,1,10,7.0,6,43.8,487.0
2024-02-19,2,10,10.0,2,8.7,243.0
2024-02-19,3,15,12.0,5,17.4,677.0
2024-02-19,4,20,20.0,8,43.3,1252.0
2024-02-19,5,10,3.0,2,25.9,527.0
2024-02-20,1,10,7.0,2,43.9,489.0
2024-02-20,2,10,10.0,5,8.8,244.0
2024-02-20,3,15,12.0,7,17.5,680.0
2024-02-20,4,20,20.0,10,43.5,1258.0
2024-02-20,5,10,3.0,1,26.0,530.0
2024-02-21,1,10,7.0,1,44.1,490.0
2024-02-21,2,10,10.0,2,8.8,245.0
2024-02-21,3,15,12.0,1,17.5,683.0
2024-02-21,4,20,20.0,13,43.7,1263.0
2024-02-21,5,10,3.0,2,26.1,532.0
2024-02-22,1,10,7.0,6,44.2,492.0
2024-02-22,2,10,10.0,9,8.8,246.0
2024-02-22,3,15,12.0,5,17.6,685.0
2024-02-22,4,20,20.0,1,43.9,1268.0
2024-02-22,5,10,3.0,2,26.2,535.0
2024-02-23,1,10,7.0,2,44.3,493.0
2024-02-23,2,10,10.0,7,8.9,246.0
2024-02-23,3,15,12.0,2,17.7,688.0
2024-02-23,4,20,20.0,4,44.1,1274.0
2024-02-23,5,10,3.0,2,26.4,537.0
2024-02-24,1,10,7.0,6,44.5,495.0
2024-02-24,2,10,10.0,0,8.9,247.0
2024-02-24,3,15,12.0,6,17.7,690.0
2024-02-24,4,20,20.0,7,44.3,1279.0
2024-02-24,5,10,3.0,0,26.5,540.0
2024-02-25,1,10,7.0,0,44.6,496.0
2024-02-25,2,10,10.0,2,8.9,248.0
2024-02-25,3,15,12.0,8,17.8,693.0
2024-02-25,4,20,20.0,4,44.4,1284.0
2024-02-25,5,10,3.0,0,26.6,543.0
2024-02-26,1,10,7.0,2,44.7,498.0
2024-02-26,2,10,10.0,2,8.9,249.0
2024-02-26,3,15,12.0,1,17.9,695.0
2024-02-26,4,20,20.0,17,44.6,1290.0
2024-02-26,5,10,3.0,2,26.7,545.0
2024-02-27,1,10,7.0,4,44.9,499.0
2024-02-27,2,10,10.0,0,9.0,250.0
2024-02-27,3,15,12.0,2,17.9,698.0
2024-02-27,4,20,20.0,7,44.8,1295.0
2024-02-27,5,10,3.0,0,26.9,548.0
2024-02-28,1,10,7.0,4,45.0,500.0
2024-02-28,2,10,10.0,8,9.0,250.0
2024-02-28,3,15,12.0,5,18.0,700.0
2024-02-28,4,20,20.0,9,45.0,1300.0
2024-02-28,5,10,3.0,1,27.0,550.0
